Id,Name,Type,PosX,PosY,LocationId
0,node0,TOWN,-1.032967033,2.013157895,0
1,node1,TOWN,0.164835165,1.934210526,1
